model,weight
sarima,0.3333333333333333
kcde,0.3333333333333333
kde,0.3333333333333333
