model,weight
sarima,0.3974784083934227
kcde,0.36968126313557365
kde,0.2328403284709998
